{
  "real_mean": 7.344439728353141,
  "real_var": 4.101437674211163,
  "rand_mean": 6.500636672325976,
  "rand_var": 3.229626080216909,
  "composer_means": {
    "bach": 7.32007759456838,
    "unknown_artist": 7.350486787204451,
    "scarlatti": 7.554112554112554,
    "mozart": 7.19455252918288,
    "beethoven": 7.324200913242009,
    "haendel": 7.293532338308458,
    "chopin": 7.279411764705882,
    "schubert": 7.268656716417911,
    "vivaldi": 7.205607476635514,
    "haydn": 6.318681318681318,
    "clementi": 7.475409836065574,
    "schumann": 7.278688524590164
  }
}