{
  "composers": {
    "bach": {
      "perm": [
        0,
        1,
        2,
        3,
        4,
        5,
        6,
        7,
        8,
        9,
        10,
        11,
        12,
        13,
        14
      ],
      "primes": [
        2,
        3,
        5,
        7,
        11,
        13,
        17,
        19,
        23,
        29,
        31,
        41,
        47,
        59,
        71
      ],
      "score": 0.2347417840375587,
      "mean_grade": 7.41,
      "mode": 6,
      "n": 1031
    },
    "unknown_artist": {
      "perm": [
        0,
        1,
        2,
        3,
        4,
        5,
        6,
        7,
        8,
        9,
        10,
        11,
        12,
        13,
        14
      ],
      "primes": [
        2,
        3,
        5,
        7,
        11,
        13,
        17,
        19,
        23,
        29,
        31,
        41,
        47,
        59,
        71
      ],
      "score": 0.3257328990228014,
      "mean_grade": 7.36,
      "mode": 8,
      "n": 719
    },
    "scarlatti": {
      "perm": [
        0,
        1,
        2,
        3,
        4,
        5,
        6,
        7,
        8,
        9,
        10,
        11,
        12,
        13,
        14
      ],
      "primes": [
        2,
        3,
        5,
        7,
        11,
        13,
        17,
        19,
        23,
        29,
        31,
        41,
        47,
        59,
        71
      ],
      "score": 0.3178235443681669,
      "mean_grade": 7.6,
      "mode": 8,
      "n": 693
    },
    "mozart": {
      "perm": [
        0,
        1,
        2,
        3,
        4,
        5,
        6,
        7,
        8,
        9,
        10,
        11,
        12,
        13,
        14
      ],
      "primes": [
        2,
        3,
        5,
        7,
        11,
        13,
        17,
        19,
        23,
        29,
        31,
        41,
        47,
        59,
        71
      ],
      "score": 0.3029935765361775,
      "mean_grade": 7.21,
      "mode": 6,
      "n": 257
    },
    "beethoven": {
      "perm": [
        0,
        1,
        2,
        3,
        4,
        5,
        6,
        7,
        8,
        9,
        10,
        11,
        12,
        13,
        14
      ],
      "primes": [
        2,
        3,
        5,
        7,
        11,
        13,
        17,
        19,
        23,
        29,
        31,
        41,
        47,
        59,
        71
      ],
      "score": 0.23161015378914204,
      "mean_grade": 7.62,
      "mode": 8,
      "n": 219
    },
    "haendel": {
      "perm": [
        0,
        1,
        2,
        3,
        4,
        5,
        6,
        7,
        8,
        9,
        10,
        11,
        12,
        13,
        14
      ],
      "primes": [
        2,
        3,
        5,
        7,
        11,
        13,
        17,
        19,
        23,
        29,
        31,
        41,
        47,
        59,
        71
      ],
      "score": 0.179675147333621,
      "mean_grade": 7.16,
      "mode": 8,
      "n": 201
    },
    "chopin": {
      "perm": [
        0,
        1,
        2,
        3,
        4,
        5,
        6,
        7,
        8,
        9,
        10,
        11,
        12,
        13,
        14
      ],
      "primes": [
        2,
        3,
        5,
        7,
        11,
        13,
        17,
        19,
        23,
        29,
        31,
        41,
        47,
        59,
        71
      ],
      "score": 0.39469529523208086,
      "mean_grade": 6.92,
      "mode": 6,
      "n": 136
    },
    "schubert": {
      "perm": [
        0,
        1,
        2,
        3,
        4,
        5,
        6,
        7,
        8,
        9,
        10,
        11,
        12,
        13,
        14
      ],
      "primes": [
        2,
        3,
        5,
        7,
        11,
        13,
        17,
        19,
        23,
        29,
        31,
        41,
        47,
        59,
        71
      ],
      "score": 0.21296532924439907,
      "mean_grade": 7.23,
      "mode": 8,
      "n": 134
    },
    "vivaldi": {
      "perm": [
        0,
        1,
        2,
        3,
        4,
        5,
        6,
        7,
        8,
        9,
        10,
        11,
        12,
        13,
        14
      ],
      "primes": [
        2,
        3,
        5,
        7,
        11,
        13,
        17,
        19,
        23,
        29,
        31,
        41,
        47,
        59,
        71
      ],
      "score": 0.24304880419988345,
      "mean_grade": 6.67,
      "mode": 8,
      "n": 107
    },
    "haydn": {
      "perm": [
        0,
        1,
        2,
        3,
        4,
        5,
        6,
        7,
        8,
        9,
        10,
        11,
        12,
        13,
        14
      ],
      "primes": [
        2,
        3,
        5,
        7,
        11,
        13,
        17,
        19,
        23,
        29,
        31,
        41,
        47,
        59,
        71
      ],
      "score": 0.260987576991335,
      "mean_grade": 6.78021978021978,
      "mode": 6,
      "n": 91
    },
    "clementi": {
      "perm": [
        0,
        1,
        2,
        3,
        4,
        5,
        6,
        7,
        8,
        9,
        10,
        11,
        12,
        13,
        14
      ],
      "primes": [
        2,
        3,
        5,
        7,
        11,
        13,
        17,
        19,
        23,
        29,
        31,
        41,
        47,
        59,
        71
      ],
      "score": 0.2837362387924187,
      "mean_grade": 7.327868852459017,
      "mode": 6,
      "n": 61
    },
    "schumann": {
      "perm": [
        0,
        1,
        2,
        3,
        4,
        5,
        6,
        7,
        8,
        9,
        10,
        11,
        12,
        13,
        14
      ],
      "primes": [
        2,
        3,
        5,
        7,
        11,
        13,
        17,
        19,
        23,
        29,
        31,
        41,
        47,
        59,
        71
      ],
      "score": 0.3244225279003375,
      "mean_grade": 6.786885245901639,
      "mode": 6,
      "n": 61
    },
    "brahms": {
      "perm": [
        0,
        1,
        2,
        3,
        4,
        5,
        6,
        7,
        8,
        9,
        10,
        11,
        12,
        13,
        14
      ],
      "primes": [
        2,
        3,
        5,
        7,
        11,
        13,
        17,
        19,
        23,
        29,
        31,
        41,
        47,
        59,
        71
      ],
      "score": 0.25839793281653745,
      "mean_grade": 6.916666666666667,
      "mode": 6,
      "n": 60
    },
    "mendelsonn": {
      "perm": [
        0,
        1,
        2,
        3,
        4,
        5,
        6,
        7,
        8,
        9,
        10,
        11,
        12,
        13,
        14
      ],
      "primes": [
        2,
        3,
        5,
        7,
        11,
        13,
        17,
        19,
        23,
        29,
        31,
        41,
        47,
        59,
        71
      ],
      "score": 0.23560456130430682,
      "mean_grade": 7.277777777777778,
      "mode": 6,
      "n": 54
    },
    "burgmuller": {
      "perm": [
        0,
        1,
        2,
        3,
        4,
        5,
        6,
        7,
        8,
        9,
        10,
        11,
        12,
        13,
        14
      ],
      "primes": [
        2,
        3,
        5,
        7,
        11,
        13,
        17,
        19,
        23,
        29,
        31,
        41,
        47,
        59,
        71
      ],
      "score": 0.1845563265908755,
      "mean_grade": 7.056603773584905,
      "mode": 8,
      "n": 53
    }
  },
  "distances": {
    "bach:bach": 0.0,
    "bach:unknown_artist": 0.0,
    "bach:scarlatti": 0.0,
    "bach:mozart": 0.0,
    "bach:beethoven": 0.0,
    "bach:haendel": 0.0,