{
  "singular_values": [
    1.013039840775103,
    0.28877058962014185,
    0.1313381141748622,
    0.07415827162346551,
    0.046518696460260446,
    0.010717880268905957
  ],
  "effective_rank": 3,
  "blade_grades": {
    "h6_dumbrill": 7,
    "h6_west": 8,
    "yt_01": 7,
    "yt_04": 7,
    "yt_06": 7,
    "yt_07": 11,
    "yt_08": 9
  },
  "n_distinct_blades": 6,
  "stable_count": 3
}