{
  "fractran_integer": "18325108526278649013811654020862609783",
  "fractran_bits": 124,
  "prime_counts": {
    "7": 6,
    "29": 3,
    "23": 5,
    "31": 10,
    "17": 2,
    "59": 1,
    "71": 1
  },
  "runlength_bits": 77,
  "expanded_length": 28,
  "tau_projection": 763.2333750263051,
  "tau_weights": [
    0.13547167440967803,
    0.1110148313133521,
    0.11007227117906822,
    0.2321388417027683,
    0.32793613022895124,
    0.08336625116618201
  ],
  "orbifold_final": [
    0,
    0,
    8
  ]
}