{
  "hymn": [
    [
      "qabl\u012btum",
      3
    ],
    [
      "n\u012bd qablim",
      1
    ],
    [
      "qabl\u012btum",
      3
    ],
    [
      "\u0161al\u0161atum",
      1
    ],
    [
      "i\u0161artum",
      10
    ],
    [
      "titur i\u0161artim",
      2
    ],
    [
      "\u1e63erdum",
      1
    ],
    [
      "\u0161al\u0161atum",
      2
    ],
    [
      "\u0161al\u0161atum",
      2
    ],
    [
      "n\u012bd qablim",
      2
    ],
    [
      "colophon",
      1
    ]
  ],
  "trajectory": [
    7,
    49,
    343,
    9947,
    69629,
    93637,
    64810,
    112449,
    138908,
    171605,
    3914,
    121334,
    20577,
    47238,
    86197,
    112628,
    144457,
    146741,
    132001,
    78304,
    91627,
    138591,
    37465,
    74163,
    130685,
    49088,
    45371,
    71213
  ],
  "orbifold_path": [
    [
      7,
      7,
      7
    ],
    [
      49,
      49,
      2
    ],
    [
      59,
      48,
      14
    ],
    [
      7,
      35,
      30
    ],
    [
      49,
      9,
      22
    ],
    [
      59,
      4,
      13
    ],
    [
      58,
      28,
      44
    ],
    [
      56,
      54,
      25
    ],
    [
      32,
      22,
      23
    ],
    [
      69,
      33,
      8
    ],
    [
      9,
      20,
      13
    ],
    [
      66,
      30,
      27
    ],
    [
      58,
      45,
      38
    ],
    [
      23,
      38,
      3
    ],
    [
      3,
      57,
      46
    ],
    [
      22,
      56,
      16
    ],
    [
      43,
      25,
      26
    ],
    [
      55,
      8,
      7
    ],
    [
      12,
      18,
      25
    ],
    [
      62,
      11,
      2
    ],
    [
      37,
      0,
      24
    ],
    [
      70,
      0,
      35
    ],
    [
      48,
      0,
      6
    ],
    [
      39,
      0,
      44
    ],
    [
      45,
      0,
      25
    ],
    [
      27,
      0,
      20
    ],
    [
      2,
      0,
      16
    ],
    [
      0,
      0,
      8
    ]
  ],
  "j_activations": [
    0.13547167440967803,
    0.1110148313133521,
    0.11007227117906822,
    0.2321388417027683,
    0.32793613022895124,
    0.08336625116618201
  ],
  "F_hymn": 1976267615.9806943,
  "total_strokes": 630,
  "stroke_orbifold": [
    62,
    40,
    19
  ],
  "monster_dimension": 1976267613
}